leg_id,full_name,first_name,middle_name,last_name,suffixes,nickname,active,state,chamber,district,party,transparencydata_id,photo_url,created_at,updated_at
HIL000078,Hermina M. Morita,Hermina,M.,Morita,,,False,hi,,,,,http://www.capitol.hawaii.gov/session2011/Members/Images/RepSenPhotos/morita.jpg,2011-10-20 01:29:27.471000,2012-02-03 20:10:12.101000
HIL000080,Tom Okamura,Tom,,Okamura,,,False,hi,,,,,http://capitol.hawaii.gov//Members/Images/RepSenPhotos/okamura.jpg,2012-01-27 03:45:59.958000,2012-06-01 18:41:44.838000
HIL000024,Shan S. Tsutsui,Shan S.,,Tsutsui,,,False,hi,,,,0eb82c3410c14a52b762efa9eef72704,http://capitol.hawaii.gov//Members/Images/RepSenPhotos/tsutsui.jpg,2011-05-04 16:48:14.644000,2013-01-09 00:02:44.477000
HIL000034,Pono Chong,Pono,,Chong,,,False,hi,,,,3c7a17aae11d49d9993d7544db9d630b,http://capitol.hawaii.gov//Members/Images/RepSenPhotos/chong.jpg,2011-05-04 16:48:14.738000,2013-01-09 00:02:44.476000
HIL000053,Joey Manahan,Joey,,Manahan,,,False,hi,,,,7a2c73111c594bb5ae260dd61bdce1a0,http://capitol.hawaii.gov//Members/Images/RepSenPhotos/manahan.jpg,2011-05-04 16:48:14.796000,2013-01-09 00:02:44.438000
HIL000081,Heather Giugni,Heather,,Giugni,,,False,hi,,,,7d47f2f036e8408c8f901fd7157465a5,http://capitol.hawaii.gov//Members/Images/RepSenPhotos/giugni.jpg,2012-02-19 01:39:21.943000,2013-01-09 00:02:44.452000
HIL000006,Carol Fukunaga,Carol,,Fukunaga,,,False,hi,,,,61aad324a8b7482aa9b96750fb825bab,http://capitol.hawaii.gov//Members/Images/RepSenPhotos/fukunaga.jpg,2011-05-04 16:48:14.576000,2013-01-09 00:02:44.459000
HIL000018,Pohai Ryan,Pohai,,Ryan,,,False,hi,,,,710dd5cf08fe46b8bbca76d480661219,http://capitol.hawaii.gov//Members/Images/RepSenPhotos/ryan.jpg,2011-05-04 16:48:14.621000,2013-01-09 00:02:44.470000
HIL000032,Jerry L. Chang,Jerry L.,,Chang,,,False,hi,,,,7047a3cb6375423eb6725c48bc9b760a,http://capitol.hawaii.gov//Members/Images/RepSenPhotos/chang.jpg,2011-05-04 16:48:14.734000,2013-01-09 00:02:44.424000
HIL000033,Corinne W.L. Ching,Corinne W.L.,,Ching,,,False,hi,,,,3efd7f86e1754bac81ecdf2b610777c8,http://capitol.hawaii.gov//Members/Images/RepSenPhotos/ching.jpg,2011-05-04 16:48:14.736000,2013-01-09 00:02:44.425000
HIL000039,George R. Fontaine,George R.,,Fontaine,,,False,hi,,,,7ce720614218459bbcc443eeb40c9e8d,http://capitol.hawaii.gov//Members/Images/RepSenPhotos/fontaine.jpg,2011-05-04 16:48:14.769000,2013-01-09 00:02:44.429000
HIL000043,Robert N. Herkes,Robert N.,,Herkes,,,False,hi,,,,f3b9f2d2107c45db9e1825783ff6c3e7,http://capitol.hawaii.gov//Members/Images/RepSenPhotos/herkes.jpg,2011-05-04 16:48:14.777000,2013-01-09 00:02:44.431000
HIL000051,Marilyn B. Lee,Marilyn B.,,Lee,,,False,hi,,,,cffde1f0f4ba4971aae2c78919cf72e1,http://capitol.hawaii.gov//Members/Images/RepSenPhotos/lee.jpg,2011-05-04 16:48:14.791000,2013-01-09 00:02:44.436000
HIL000054,Barbara C. Marumoto,Barbara C.,,Marumoto,,,False,hi,,,,f5ca8a17afda42e284c2b73b35062b06,http://capitol.hawaii.gov//Members/Images/RepSenPhotos/marumoto.jpg,2011-05-04 16:48:14.798000,2013-01-09 00:02:44.439000
HIL000060,Blake K. Oshiro,Blake,K.,Oshiro,,,False,hi,,,,3a2307585f3e4c3a8c6deff238f853e1,http://www.capitol.hawaii.gov/session2011/Members/Images/RepSenPhotos/b_oshiro.jpg,2011-05-04 16:48:14.815000,2012-06-01 18:42:18.896000
HIL000062,Kymberly Marcos Pine,Kymberly Marcos,,Pine,,,False,hi,,,,cbbde7a5a0b04b9dadbc3b0cb0812788,http://capitol.hawaii.gov//Members/Images/RepSenPhotos/pine.jpg,2011-05-04 16:48:14.836000,2013-01-09 00:02:44.443000
HIL000064,Gil Riviere,Gil,,Riviere,,,False,hi,,,,6368c753fce0467cbdb34e873a1c6aad,http://capitol.hawaii.gov//Members/Images/RepSenPhotos/riviere.jpg,2011-05-04 16:48:14.839000,2013-01-09 00:02:44.445000
HIL000069,Roy M. Takumi,Roy M.,,Takumi,,,False,hi,,,,d91bc3ff27af470ebb56557a8b19e3b7,http://capitol.hawaii.gov//Members/Images/RepSenPhotos/takumi.jpg,2011-05-04 16:48:14.848000,2013-01-09 00:02:44.448000
HIL000111,Kaniela Ing,Kaniela,,Ing,,,True,hi,lower,11,Democratic,c8e8934b7a1b4e378412f4855cb20bdd,http://capitol.hawaii.gov//Members/Images/RepSenPhotos/ing.jpg,2013-01-09 00:02:44.062000,2013-03-01 01:07:48.986000
HIL000066,Calvin K.Y. Say,Calvin K.Y.,,Say,,,True,hi,lower,20,Democratic,9fdc9734c890435f8cbd66e5ea24f52b,http://capitol.hawaii.gov//Members/Images/RepSenPhotos/say.jpg,2011-05-04 16:48:14.843000,2013-03-01 01:07:49.148000
HIL000126,Gregg Takayama,Gregg,,Takayama,,,True,hi,lower,34,Democratic,e8151adddeff45cf82fd3618f110fb01,http://capitol.hawaii.gov//Members/Images/RepSenPhotos/takayama.jpg,2013-01-09 00:02:44.221000,2013-03-01 01:07:48.989000
HIL000121,Richard H.K. Onishi,Richard H.K.,,Onishi,,,True,hi,lower,3,Democratic,,http://capitol.hawaii.gov//Members/Images/RepSenPhotos/onishi.jpg,2013-01-09 00:02:44.178000,2013-03-01 01:07:48.991000
HIL000107,Richard Lee Fale,Richard Lee,,Fale,,,True,hi,lower,47,Republican,,http://capitol.hawaii.gov//Members/Images/RepSenPhotos/fale.jpg,2013-01-09 00:02:44.027000,2013-03-01 01:07:48.993000
HIL000102,Romy M. Cachola,Romy M.,,Cachola,,,True,hi,lower,30,Democratic,,http://capitol.hawaii.gov//Members/Images/RepSenPhotos/cachola.jpg,2013-01-09 00:02:43.986000,2013-03-01 01:07:48.995000
HIL000118,Bob McDermott,Bob,,McDermott,,,True,hi,lower,40,Republican,8965df8044d049ab8d5723797d7c2843,http://capitol.hawaii.gov//Members/Images/RepSenPhotos/mcdermott.jpg,2013-01-09 00:02:44.134000,2013-03-01 01:07:48.996000
HIL000130,Justin H. Woodson,Justin H.,,Woodson,,,True,hi,lower,9,Democratic,,http://capitol.hawaii.gov//Members/Images/RepSenPhotos/woodson.jpg,2013-01-19 00:02:40.748000,2013-03-01 01:07:48.998000
HIL000031,Mele Carroll,Mele,,Carroll,,,True,hi,lower,13,Democratic,94a9e420d3d54c6688504c4cb43f5c9c,http://capitol.hawaii.gov//Members/Images/RepSenPhotos/carroll.jpg,2011-05-04 16:48:14.733000,2013-03-01 01:07:49.004000
HIL000038,Cindy Evans,Cindy,,Evans,,,True,hi,lower,7,Democratic,b9ce499cf4eb41489a4bb45f35fce66e,http://capitol.hawaii.gov//Members/Images/RepSenPhotos/evans.jpg,2011-05-04 16:48:14.768000,2013-03-01 01:07:49.003000
HIL000040,Faye P. Hanohano,Faye P.,,Hanohano,,,True,hi,lower,4,Democratic,e17d3f7520c0482d86a10864884037e9,http://capitol.hawaii.gov//Members/Images/RepSenPhotos/hanohano.jpg,2011-05-04 16:48:14.771000,2013-03-01 01:07:49.008000
HIL000042,Mark J. Hashem,Mark J.,,Hashem,,,True,hi,lower,18,Democratic,2fe0affbab354978b01d85f0fe6dd8bb,http://capitol.hawaii.gov//Members/Images/RepSenPhotos/hashem.jpg,2011-05-04 16:48:14.775000,2013-03-01 01:07:49.010000
HIL000048,Derek S.K. Kawakami,Derek S.K.,,Kawakami,,,True,hi,lower,14,Democratic,,http://capitol.hawaii.gov//Members/Images/RepSenPhotos/kawakami.jpg,2011-05-04 16:48:14.786000,2013-03-01 01:07:49.013000
HIL000050,Chris Lee,Chris,,Lee,,,True,hi,lower,51,Democratic,9b2f0a0b22214e4582c6b9f4ac6535ff,http://capitol.hawaii.gov//Members/Images/RepSenPhotos/cklee.jpg,2011-05-04 16:48:14.790000,2013-03-01 01:07:48.997000
HIL000055,Angus L.K. McKelvey,Angus L.K.,,McKelvey,,,True,hi,lower,10,Democratic,5efaa0b6479142309c906fd7dd6dfcea,http://capitol.hawaii.gov//Members/Images/RepSenPhotos/mckelvey.jpg,2011-05-04 16:48:14.799000,2013-03-01 01:07:48.990000
HIL000057,Dee Morikawa,Dee,,Morikawa,,,True,hi,lower,16,Democratic,ef49608ed5e14ee793d0438d1e7b8b8f,http://capitol.hawaii.gov//Members/Images/RepSenPhotos/morikawa.jpg,2011-05-04 16:48:14.803000,2013-03-01 01:07:49.009000
HIL000058,Mark M. Nakashima,Mark M.,,Nakashima,,,True,hi,lower,1,Democratic,92ae445e64f34ea2a94b923e5b3e422b,http://capitol.hawaii.gov//Members/Images/RepSenPhotos/nakashima.jpg,2011-05-04 16:48:14.805000,2013-03-01 01:07:49.018000
HIL000059,Scott Y. Nishimoto,Scott Y.,,Nishimoto,,,True,hi,lower,21,Democratic,b0d93c8148134f36b84acd1052c76d18,http://capitol.hawaii.gov//Members/Images/RepSenPhotos/nishimoto.jpg,2011-05-04 16:48:14.813000,2013-03-01 01:07:49.019000
HIL000067,Joseph M. Souki,Joseph M.,,Souki,,,True,hi,lower,8,Democratic,1dd39435957c47a09ae56150bdb8adb3,http://capitol.hawaii.gov//Members/Images/RepSenPhotos/souki.jpg,2011-05-04 16:48:14.844000,2013-03-01 01:07:49.149000
HIL000127,Roy M. Takumi,Roy M.,,Takumi,,,True,hi,lower,35,Democratic,,http://capitol.hawaii.gov//Members/Images/RepSenPhotos/takumi.jpg,2013-01-09 00:02:44.227000,2013-03-01 01:07:49.051000
HIL000070,Cynthia Thielen,Cynthia,,Thielen,,,True,hi,lower,50,Republican,ec08d29b25bd489cbf773b45d5cf74da,http://capitol.hawaii.gov//Members/Images/RepSenPhotos/thielen.jpg,2011-05-04 16:48:14.850000,2013-03-01 01:07:49.007000
HIL000071,James Kunane Tokioka,James Kunane,,Tokioka,,,True,hi,lower,15,Democratic,15497dfe4f2d46cf95081d5c6d96006f,http://capitol.hawaii.gov//Members/Images/RepSenPhotos/tokioka.jpg,2011-05-04 16:48:14.852000,2013-03-01 01:07:49.054000
HIL000073,Gene Ward,Gene,,Ward,,,True,hi,lower,17,Republican,d599c90704854020aac11bee9018d069,http://capitol.hawaii.gov//Members/Images/RepSenPhotos/ward.jpg,2011-05-04 16:48:14.856000,2013-03-01 01:07:49.017000
HIL000075,Ryan I. Yamane,Ryan I.,,Yamane,,,True,hi,lower,37,Democratic,45e8a17023274fc7a3f815a656100b2d,http://capitol.hawaii.gov//Members/Images/RepSenPhotos/yamane.jpg,2011-05-04 16:48:14.860000,2013-03-01 01:07:49.058000
HIL000076,Kyle T. Yamashita,Kyle T.,,Yamashita,,,True,hi,lower,12,Democratic,3470a42e038a4efc9633c6cca7e9698f,http://capitol.hawaii.gov//Members/Images/RepSenPhotos/yamashita.jpg,2011-05-04 16:48:14.861000,2013-03-01 01:07:49.060000
HIL000026,Henry J.C. Aquino,Henry J.C.,,Aquino,,,True,hi,lower,38,Democratic,d56ef0b203db493cb45e389c97b32604,http://capitol.hawaii.gov//Members/Images/RepSenPhotos/aquino.jpg,2011-05-04 16:48:14.672000,2013-03-01 01:07:49.022000
HIL000027,Karen L. Awana,Karen,,Awana,,,True,hi,lower,43,Democratic,65ae6e6da0354e7eb628662d81581380,http://capitol.hawaii.gov//Members/Images/RepSenPhotos/awana.jpg,2011-05-04 16:48:14.674000,2013-03-01 01:07:49.062000
HIL000028,Della Au Belatti,Della Au,,Belatti,,,True,hi,lower,24,Democratic,aef893552acd4f7b8308f35eed483cc9,http://capitol.hawaii.gov//Members/Images/RepSenPhotos/belatti.jpg,2011-05-04 16:48:14.727000,2013-03-01 01:07:49.012000
HIL000029,Tom Brower,Tom,,Brower,,,True,hi,lower,22,Democratic,4273da062a9143e28cbf654c67365372,http://capitol.hawaii.gov//Members/Images/RepSenPhotos/brower.jpg,2011-05-04 16:48:14.729000,2013-03-01 01:07:49.063000
HIL000030,Rida T.R. Cabanilla,Rida T.R.,,Cabanilla,,,True,hi,lower,41,Democratic,ab6b97d288d34983887663bb9c5c5b01,http://capitol.hawaii.gov//Members/Images/RepSenPhotos/cabanilla.jpg,2011-05-04 16:48:14.731000,2013-03-01 01:07:49.066000
HIL000035,Isaac W. Choy,Isaac W.,,Choy,,,True,hi,lower,23,Democratic,cb4134e40b354052b07050e020c10ab2,http://capitol.hawaii.gov//Members/Images/RepSenPhotos/choy.jpg,2011-05-04 16:48:14.740000,2013-03-01 01:07:49.053000
HIL000036,Denny Coffman,Denny,,Coffman,,,True,hi,lower,5,Democratic,db34ee9475e74d7f975ecccc5d36af10,http://capitol.hawaii.gov//Members/Images/RepSenPhotos/coffman.jpg,2011-05-04 16:48:14.756000,2013-03-01 01:07:49.015000
HIL000037,Ty Cullen,Ty J.K.,,Cullen,,,True,hi,lower,39,Democratic,68f021ad09f947b2adaf410f3e1b870b,http://capitol.hawaii.gov//Members/Images/RepSenPhotos/cullen.jpg,2011-05-04 16:48:14.757000,2013-03-01 01:07:49.069000
HIL000041,Sharon E. Har,Sharon E.,,Har,,,True,hi,lower,42,Democratic,10a23de6c06846b4a936a85170083abb,http://capitol.hawaii.gov//Members/Images/RepSenPhotos/har.jpg,2011-05-04 16:48:14.773000,2013-03-01 01:07:49.072000
HIL000044,Linda Ichiyama,Linda,,Ichiyama,,,True,hi,lower,32,Democratic,d4fb9e81a4494dbea9f803d62a92b60e,http://capitol.hawaii.gov//Members/Images/RepSenPhotos/ichiyama.jpg,2011-05-04 16:48:14.779000,2013-03-01 01:07:49.070000
HIL000045,Ken Ito,Ken,,Ito,,,True,hi,lower,49,Democratic,5b497382bdb346f3a6e368eeda8c490b,http://capitol.hawaii.gov//Members/Images/RepSenPhotos/ito.jpg,2011-05-04 16:48:14.780000,2013-03-01 01:07:49.067000
HIL000046,Aaron Ling Johanson,Aaron Ling,,Johanson,,,True,hi,lower,31,Republican,238df5608b4d451087630860311e9cc0,http://capitol.hawaii.gov//Members/Images/RepSenPhotos/johanson.jpg,2011-05-04 16:48:14.782000,2013-03-01 01:07:48.988000
HIL000056,John M. Mizuno,John M.,,Mizuno,,,True,hi,lower,28,Democratic,f470539063764ea4be395886e48db17f,http://capitol.hawaii.gov//Members/Images/RepSenPhotos/mizuno.jpg,2011-05-04 16:48:14.801000,2013-03-01 01:07:49.059000
HIL000047,Jo Jordan,Jo,,Jordan,,,True,hi,lower,44,Democratic,f506c0f422e44404b512fed464598d54,http://capitol.hawaii.gov//Members/Images/RepSenPhotos/jordan.jpg,2011-05-04 16:48:14.784000,2013-03-01 01:07:49.056000
HIL000052,Sylvia Luke,Sylvia,,Luke,,,True,hi,lower,25,Democratic,dc60a7e21d464212857f2d8b69e85bca,http://capitol.hawaii.gov//Members/Images/RepSenPhotos/luke.jpg,2011-05-04 16:48:14.793000,2013-03-01 01:07:49.075000
HIL000061,Marcus R. Oshiro,Marcus R.,,Oshiro,,,True,hi,lower,46,Democratic,8cf788f05af74b08831bc8f6bcdf8ab5,http://capitol.hawaii.gov//Members/Images/RepSenPhotos/m_oshiro.jpg,2011-05-04 16:48:14.834000,2013-03-01 01:07:49.151000
HIL000063,Karl Rhoads,Karl,,Rhoads,,,True,hi,lower,29,Democratic,dff23c25c3fd4fe2927ad4a1f460357d,http://capitol.hawaii.gov//Members/Images/RepSenPhotos/rhoads.jpg,2011-05-04 16:48:14.837000,2013-03-01 01:07:49.065000
HIL000065,Scott K. Saiki,Scott K.,,Saiki,,,True,hi,lower,26,Democratic,a8b4aa8e2d8b4c6bb2fc440c763fafe2,http://capitol.hawaii.gov//Members/Images/RepSenPhotos/saiki.jpg,2011-05-04 16:48:14.841000,2013-03-01 01:07:49.092000
HIL000068,K. Mark Takai,K. Mark,,Takai,,,True,hi,lower,33,Democratic,3da8fc4d6b77474d888b05debbbdd651,http://capitol.hawaii.gov//Members/Images/RepSenPhotos/takai.jpg,2011-05-04 16:48:14.846000,2013-03-01 01:07:49.061000
HIL000072,Clift Tsuji,Clift,,Tsuji,,,True,hi,lower,2,Democratic,5fb02d3760ff4455941dc7f39c701733,http://capitol.hawaii.gov//Members/Images/RepSenPhotos/tsuji.jpg,2011-05-04 16:48:14.854000,2013-03-01 01:07:49.006000
HIL000074,Jessica Wooley,Jessica,,Wooley,,,True,hi,lower,48,Democratic,09660af96f6b4bc18b9f64d8421d19e9,http://capitol.hawaii.gov//Members/Images/RepSenPhotos/wooley.jpg,2011-05-04 16:48:14.858000,2013-03-01 01:07:49.055000
HIL000116,Nicole E. Lowen,Nicole E.,,Lowen,,,True,hi,lower,6,Democratic,,http://capitol.hawaii.gov//Members/Images/RepSenPhotos/lowen.jpg,2013-01-09 00:02:44.123000,2013-03-01 01:07:49.073000
HIL000108,Beth Fukumoto,Beth,,Fukumoto,,,True,hi,lower,36,Republican,2b0afb1dcdf1436b86c0baf06af0783c,http://capitol.hawaii.gov//Members/Images/RepSenPhotos/fukumoto.jpg,2013-01-09 00:02:44.032000,2013-03-01 01:07:48.994000
HIL000115,Bertrand Kobayashi,Bertrand,,Kobayashi,,,True,hi,lower,19,Democratic,fb3c60676bcb47b7bb5d1f3e5a786b2d,http://capitol.hawaii.gov//Members/Images/RepSenPhotos/kobayashi.jpg,2013-01-09 00:02:44.110000,2013-03-01 01:07:48.992000
HIL000120,Takashi Ohno,Takashi,,Ohno,,,True,hi,lower,27,Democratic,c84700c2971047af80e175ccc165ee69,http://capitol.hawaii.gov//Members/Images/RepSenPhotos/ohno.jpg,2013-01-09 00:02:44.172000,2013-03-01 01:07:49.094000
HIL000103,Lauren Kealohilani Cheape,Lauren Kealohilani,,Cheape,,,True,hi,lower,45,Republican,99d4d51e15ae4ab28a1627fe7c7c06cc,http://capitol.hawaii.gov//Members/Images/RepSenPhotos/cheape.jpg,2013-01-09 00:02:43.998000,2013-03-01 01:07:49.068000
HIL000011,David Y. Ige,David Y.,,Ige,,,True,hi,upper,16,Democratic,c44b3635659c4db4aac56f8887e0ec9a,http://capitol.hawaii.gov//Members/Images/RepSenPhotos/ige.jpg,2011-05-04 16:48:14.608000,2013-03-01 01:07:49.095000
HIL000092,Russell E. Ruderman,Russell E.,,Ruderman,,,True,hi,upper,2,Democratic,043a030454b447248d9796fc736012ad,http://capitol.hawaii.gov//Members/Images/RepSenPhotos/ruderman.jpg,2013-01-09 00:02:43.906000,2013-03-01 01:07:49.097000
HIL000022,Brian T. Taniguchi,Brian T.,,Taniguchi,,,True,hi,upper,11,Democratic,c043764153534a9b91be048b554492e3,http://capitol.hawaii.gov//Members/Images/RepSenPhotos/taniguchi.jpg,2011-05-04 16:48:14.640000,2013-03-01 01:07:49.096000
HIL000096,Laura H. Thielen,Laura H.,,Thielen,,,True,hi,upper,25,Democratic,,http://capitol.hawaii.gov//Members/Images/RepSenPhotos/lthielen.jpg,2013-01-09 00:02:43.937000,2013-03-01 01:07:49.101000
HIL000002,Suzanne Chun Oakland,Suzanne Chun,,Oakland,,,True,hi,upper,13,Democratic,d499664e92c14e30b13ca87510690c97,http://capitol.hawaii.gov//Members/Images/RepSenPhotos/chun_oakland.jpg,2011-05-04 16:48:14.569000,2013-03-01 01:07:49.103000
HIL000003,Donovan M. Dela Cruz,Donovan M. Dela,,Cruz,,,True,hi,upper,22,Democratic,0be4edcd3e7c4421b8176c6cf816e09b,http://capitol.hawaii.gov//Members/Images/RepSenPhotos/dela_cruz.jpg,2011-05-04 16:48:14.571000,2013-03-01 01:07:49.104000
HIL000008,Brickwood Galuteria,Brickwood,,Galuteria,,,True,hi,upper,12,Democratic,e0b2ec95f2cf4b419408e8339daaf176,http://capitol.hawaii.gov//Members/Images/RepSenPhotos/galuteria.jpg,2011-05-04 16:48:14.587000,2013-03-01 01:07:49.098000
HIL000009,Josh Green,Josh,,Green,,,True,hi,upper,3,Democratic,a1fc063bd4e74901a8912c3ab34ee92a,http://capitol.hawaii.gov//Members/Images/RepSenPhotos/green.jpg,2011-05-04 16:48:14.591000,2013-03-01 01:07:49.106000
HIL000010,Clayton Hee,Clayton,,Hee,,,True,hi,upper,23,Democratic,6a4b60bcd95948e991bcbca5683f308f,http://capitol.hawaii.gov//Members/Images/RepSenPhotos/hee.jpg,2011-05-04 16:48:14.594000,2013-03-01 01:07:49.102000
HIL000015,Donna Mercado Kim,Donna Mercado,,Kim,,,True,hi,upper,14,Democratic,750e7ce54bad489286f2277fda510b2c,http://capitol.hawaii.gov//Members/Images/RepSenPhotos/kim.jpg,2011-05-04 16:48:14.615000,2013-03-01 01:07:49.152000
HIL000019,Maile S.L. Shimabukuro,Maile S.L.,,Shimabukuro,,,True,hi,upper,21,Democratic,6d6a173481864b168c881dca21da63a8,http://capitol.hawaii.gov//Members/Images/RepSenPhotos/shimabukuro.jpg,2011-05-04 16:48:14.623000,2013-03-01 01:07:49.110000
HIL000023,Jill N. Tokuda,Jill N.,,Tokuda,,,True,hi,upper,24,Democratic,cb7d16a28ee14d64add4b7fc4bdbce87,http://capitol.hawaii.gov//Members/Images/RepSenPhotos/tokuda.jpg,2011-05-04 16:48:14.641000,2013-03-01 01:07:49.112000
HIL000025,Glenn Wakai,Glenn,,Wakai,,,True,hi,upper,15,Democratic,fb2a8bbcc23b4abe991090e344cf44c7,http://capitol.hawaii.gov//Members/Images/RepSenPhotos/wakai.jpg,2011-05-04 16:48:14.670000,2013-03-01 01:07:49.109000
HIL000001,Rosalyn H. Baker,Rosalyn H.,,Baker,,,True,hi,upper,6,Democratic,644128cc1ea64128a47a8005d21c2647,http://capitol.hawaii.gov//Members/Images/RepSenPhotos/baker.jpg,2011-05-04 16:48:14.544000,2013-03-01 01:07:49.114000
HIL000004,J. Kalani English,J. Kalani,,English,,,True,hi,upper,7,Democratic,8fb7c3c0175348ceb0fb672cf7e51daa,http://capitol.hawaii.gov//Members/Images/RepSenPhotos/english.jpg,2011-05-04 16:48:14.573000,2013-03-01 01:07:49.111000
HIL000005,Will Espero,Will,,Espero,,,True,hi,upper,19,Democratic,f303277fbee54643aa92bc343cba088d,http://capitol.hawaii.gov//Members/Images/RepSenPhotos/espero.jpg,2011-05-04 16:48:14.575000,2013-03-01 01:07:49.116000
HIL000007,Mike Gabbard,Mike,,Gabbard,,,True,hi,upper,20,Democratic,3907043f0d5d47728782ad74db9f3eb7,http://capitol.hawaii.gov//Members/Images/RepSenPhotos/gabbard.jpg,2011-05-04 16:48:14.585000,2013-03-01 01:07:49.117000
HIL000012,Les Ihara,Les,,Ihara,,,True,hi,upper,10,Democratic,86c5bb88350f4a09a6d3ee8c01978c77,http://capitol.hawaii.gov//Members/Images/RepSenPhotos/ihara.jpg,2011-05-04 16:48:14.610000,2013-03-01 01:07:49.115000
HIL000013,Gilbert Kahele,Gilbert,,Kahele,,,True,hi,upper,1,Democratic,bdd2c893c8564fd8af951640157f6e8f,http://capitol.hawaii.gov//Members/Images/RepSenPhotos/kahele.jpg,2011-05-04 16:48:14.612000,2013-03-01 01:07:49.105000
HIL000016,Ronald D. Kouchi,Ronald D.,,Kouchi,,,True,hi,upper,8,Democratic,6064a9a2ce0849cdbc8c337c87b7af4c,http://capitol.hawaii.gov//Members/Images/RepSenPhotos/kouchi.jpg,2011-05-04 16:48:14.617000,2013-03-01 01:07:49.121000
HIL000017,Clarence K. Nishihara,Clarence K.,,Nishihara,,,True,hi,upper,17,Democratic,e71511f2d0144d1cb537ef2358e2b6e5,http://capitol.hawaii.gov//Members/Images/RepSenPhotos/nishihara.jpg,2011-05-04 16:48:14.619000,2013-03-01 01:07:49.099000
HIL000020,Sam Slom,Sam,,Slom,,,True,hi,upper,9,Republican,13a5ac93984c420dae87727005d3e2c4,http://capitol.hawaii.gov//Members/Images/RepSenPhotos/slom.jpg,2011-05-04 16:48:14.636000,2013-03-01 01:07:49.139000
HIL000021,Malama Solomon,Malama,,Solomon,,,True,hi,upper,4,Democratic,0b7cd402db7749848a22200873879664,http://capitol.hawaii.gov//Members/Images/RepSenPhotos/solomon.jpg,2011-05-04 16:48:14.638000,2013-03-01 01:07:49.118000
HIL000014,Michelle Kidani,Michelle N.,,Kidani,,,True,hi,upper,18,Democratic,ba1149a47af0437cbf0d71707251c66f,http://capitol.hawaii.gov//Members/Images/RepSenPhotos/kidani.jpg,2011-05-04 16:48:14.613000,2013-03-01 01:07:49.119000
HIL000049,Gilbert S.C. Keith-Agaran,Gilbert S.C.,,Keith-Agaran,,,True,hi,upper,5,Democratic,e33b746a0f764720a4737453f9cb9a1a,http://capitol.hawaii.gov//Members/Images/RepSenPhotos/keith-agaran.jpg,2011-05-04 16:48:14.788000,2013-03-01 01:07:49.107000
